{"Agra": [27.1752554, 78.0098161], "Ahmedabad": [23.0215374, 72.5800568], "Amritsar": [31.6356659, 74.8787496], "Bangalore": [12.9767936, 77.590082], "Bhopal": [23.2584857, 77.401989], "Bhubaneswar": [20.2602964, 85.8394521], "Chandigarh": [30.7334421, 76.7797143], "Chennai": [13.0836939, 80.270186], "Coimbatore": [11.0018115, 76.9628425], "Dehradun": [30.3255646, 78.0436813], "Delhi": [28.6138954, 77.2090057], "Guwahati": [26.1805978, 91.753943], "Hyderabad": [17.360589, 78.4740613], "Indore": [22.7203616, 75.8681996], "Jabalpur": [23.1701522, 79.9324505], "Jaipur": [26.9154576, 75.8189817], "Kanpur": [26.4609135, 80.3217588], "Kochi": [9.9679032, 76.2444378], "Kolkata": [22.5726459, 88.3638953], "Lucknow": [26.8381, 80.9346001], "Madurai": [9.9261153, 78.1140983], "Mangalore": [12.8698101, 74.8430082], "Mumbai": [19.054999, 72.8692035], "Nagpur": [21.1498134, 79.0820556], "Nashik": [20.0112475, 73.7902364], "Noida": [28.5706333, 77.3272147], "Patna": [25.6093239, 85.1235252], "Pune": [18.5213738, 73.8545071], "Raipur": [21.2380912, 81.6336993], "Rajkot": [22.3053263, 70.8028377], "Ranchi": [23.3700501, 85.3250387], "Surat": [21.2094892, 72.8317058], "Thiruvananthapuram": [8.4882267, 76.947551], "Vadodara": [22.2973142, 73.1942567], "Varanasi": [25.3356491, 83.0076292], "Vijayawada": [16.5115306, 80.6160469], "Visakhapatnam": [17.6935526, 83.2921297]}